address,amount,tx_hash
6NQ7FJCT3zXrvYRLyEAQDxJ21kgtfjBDDi3bqrw3DWaj,27,5B6GvCaJbHk8TPXaBeubaMWjR4Ns6gdPZGHsqPM3KjjpctYLxYiNGgPhPDZXGN5mL2jPGHzeURXpSpFuZgxziKZj
8SRBKP6JDGEsdxpaAqsMyvKur1kJYzQLGUAdZD1CH3sN,11,5B6GvCaJbHk8TPXaBeubaMWjR4Ns6gdPZGHsqPM3KjjpctYLxYiNGgPhPDZXGN5mL2jPGHzeURXpSpFuZgxziKZj
DC645tQxxRpq9kkaBdr7N6uBSAUhAoSPmXucwVCrQhzV,11,5B6GvCaJbHk8TPXaBeubaMWjR4Ns6gdPZGHsqPM3KjjpctYLxYiNGgPhPDZXGN5mL2jPGHzeURXpSpFuZgxziKZj
4piE5AP9nAV4HJ3KZcoDiFryVk91Dw8hyK8QqzBCHByA,7,64EQFL1wYPUFhC7NBgFmFhufSUceC3L3LSbJsoZKS6oqaaNUWVnMWBbdnSmWgX22fa8wH7QnH5YPV6RNgxp4R68u
H8oSBEM3XtQh9Bmw8mE3RdPjJcfStLTEC1zGdkNqFnrL,16,64EQFL1wYPUFhC7NBgFmFhufSUceC3L3LSbJsoZKS6oqaaNUWVnMWBbdnSmWgX22fa8wH7QnH5YPV6RNgxp4R68u
3Uv8ntGZawxnFSZLKFv9FEMfpgv16ju2NDEsi5qQ6pYj,20,64EQFL1wYPUFhC7NBgFmFhufSUceC3L3LSbJsoZKS6oqaaNUWVnMWBbdnSmWgX22fa8wH7QnH5YPV6RNgxp4R68u
HY88nUiv3F9Wnrhw94d9FjfRiDfQEDumFoYTt45rfeQQ,7,smjn4RAjSc5xtoTVaG6z7139mxHWK4DERyAe1qx178qZFQLDZ2BTjjTSkTEDRFvGtPm2hKQx7BmoBwDMwznYRDp
HYJj7ETpUzRY1eiztSnwBwK8pxZv7kEFwrm7sn8xNUti,13,smjn4RAjSc5xtoTVaG6z7139mxHWK4DERyAe1qx178qZFQLDZ2BTjjTSkTEDRFvGtPm2hKQx7BmoBwDMwznYRDp
3yaPyENZurhHx62XtceLnuMYSh8gPKHgDxPzVu54y4rD,16,smjn4RAjSc5xtoTVaG6z7139mxHWK4DERyAe1qx178qZFQLDZ2BTjjTSkTEDRFvGtPm2hKQx7BmoBwDMwznYRDp
EbKMwP57H1cEk3oZoCoyV1ztCoWCnh8Cz2GWbEBwuHoT,20,3yyssoGiUvJA9DUfJakHz13eamjXxGYtJWR4ocL1bnVigjv9qbvLLs4JBaAPULQWkif4XTNsqgEEnkLJMhSLvYxb
57DDULjiA38oUmjzrAVdNYPAQN9icRjX2YPN8cTuwKGa,24,3yyssoGiUvJA9DUfJakHz13eamjXxGYtJWR4ocL1bnVigjv9qbvLLs4JBaAPULQWkif4XTNsqgEEnkLJMhSLvYxb
4hXs9mdCqLkpsh7xyuP8naTq8eprJDChNqcnSar89LBb,11,3yyssoGiUvJA9DUfJakHz13eamjXxGYtJWR4ocL1bnVigjv9qbvLLs4JBaAPULQWkif4XTNsqgEEnkLJMhSLvYxb
66smRfkPWhPdTWPehvv8d6PpR3r68kt7NQx3E3jn8TZW,12,2muw7pt11Z6eKj2nJQ7fs52UNCegXAmTpbAqRgWFvTNyCkS5xhU64DX7pASeBm9NUuAEPg4QNCZQaR3dvRzrezcW
HiuTmGn98R3GYxR6DnyqzFFP4h3RfxLHoFPKnwKT1Bkd,9,2muw7pt11Z6eKj2nJQ7fs52UNCegXAmTpbAqRgWFvTNyCkS5xhU64DX7pASeBm9NUuAEPg4QNCZQaR3dvRzrezcW
9BqCmWCiNyfVXihpvyBGy2S1K1fTTNiLZfVfCf1dyqAa,27,2muw7pt11Z6eKj2nJQ7fs52UNCegXAmTpbAqRgWFvTNyCkS5xhU64DX7pASeBm9NUuAEPg4QNCZQaR3dvRzrezcW
5xX7iKMa3i8tnR1vDYYr8vwCbGGokjH6GEnPQ9C2XvHg,12,3NSbQhqqyyDtBrN7JukqfrqQF28qmEMKxbBXYNTt15Cwgue18DJeKEJf8mBsDjRe7bbUdrQAsYZ5e5kJRTYhTuFc
7UNkGGNZzVKb1f5aA4Sa7dp1QM2GqLWYTV9Fov93bAw3,11,3NSbQhqqyyDtBrN7JukqfrqQF28qmEMKxbBXYNTt15Cwgue18DJeKEJf8mBsDjRe7bbUdrQAsYZ5e5kJRTYhTuFc
254cUXJZMcsEApMkce4KUnjypjGDHkFWs7GaHXo4wvRT,5,3NSbQhqqyyDtBrN7JukqfrqQF28qmEMKxbBXYNTt15Cwgue18DJeKEJf8mBsDjRe7bbUdrQAsYZ5e5kJRTYhTuFc
